Carpeta,Nombre,ID,Enlace de Descarga
ImgSL,test-button-1.jpg,1APXUoci4LrkDVdrLoqThaHDsIeg9ItJu,https://drive.google.com/uc?export=download&id=1APXUoci4LrkDVdrLoqThaHDsIeg9ItJu
ImgSL/Complementos,aapa10a002938_01.jpg,1lgg2Xs5fD0C-ewEO1BSHzQYOZg5rMkFC,https://drive.google.com/uc?export=download&id=1lgg2Xs5fD0C-ewEO1BSHzQYOZg5rMkFC
ImgSL/Complementos,aapa10r402989_01.jpg,1lxFh2-jFQaR2HKqGokSfgEvwURJPgA3b,https://drive.google.com/uc?export=download&id=1lxFh2-jFQaR2HKqGokSfgEvwURJPgA3b
ImgSL/Complementos,aapa100e02971_01.jpg,1mgcv6SHQZmjoyklDcS2sDeCeDp-Buni3,https://drive.google.com/uc?export=download&id=1mgcv6SHQZmjoyklDcS2sDeCeDp-Buni3
ImgSL/Complementos,aapa109l02993_01.jpg,1nC2L8j1YOan46E6C1AKaxRb7XUgJPn4B,https://drive.google.com/uc?export=download&id=1nC2L8j1YOan46E6C1AKaxRb7XUgJPn4B
ImgSL/Complementos,aapa108308263_01_0.jpg,1nc753rSSIycuChR8ERovSFqRlfCjmpdz,https://drive.google.com/uc?export=download&id=1nc753rSSIycuChR8ERovSFqRlfCjmpdz
ImgSL/Complementos,aapa472500103_01.jpg,1o7L4rgFSCGzqvRZoyr8nk1qAuKuO3F_s,https://drive.google.com/uc?export=download&id=1o7L4rgFSCGzqvRZoyr8nk1qAuKuO3F_s
ImgSL/Complementos,aapa10u501858_01.jpg,1pMuAAw9Dq7HZbyyGDXrhqMzaSgT96q02,https://drive.google.com/uc?export=download&id=1pMuAAw9Dq7HZbyyGDXrhqMzaSgT96q02
ImgSL/Complementos,aapa109602883_01.jpg,1peSs-Ywj7gGhE_yT99ACgxbPFVh0x7Bn,https://drive.google.com/uc?export=download&id=1peSs-Ywj7gGhE_yT99ACgxbPFVh0x7Bn
ImgSL/Complementos,aapa10yp02516_01.jpg,1sRCSGpW4WiWfQYrcgs_Jz-_zjMA5pUAG,https://drive.google.com/uc?export=download&id=1sRCSGpW4WiWfQYrcgs_Jz-_zjMA5pUAG
ImgSL/Complementos,aapa10y802794_01.jpg,1tHSM4isgT2ncfKFwQ_jZRAw2KDNMIhml,https://drive.google.com/uc?export=download&id=1tHSM4isgT2ncfKFwQ_jZRAw2KDNMIhml
ImgSL/Complementos,aapa10ba02500_01.jpg,1u-sd7jL0G1iypYqqzsbVHaUR2wa1JDv5,https://drive.google.com/uc?export=download&id=1u-sd7jL0G1iypYqqzsbVHaUR2wa1JDv5
ImgSL/Complementos,aapa10l602739_01.jpg,1uasIWiZ_oI4nFIWbwQmztis3r8NYFwPR,https://drive.google.com/uc?export=download&id=1uasIWiZ_oI4nFIWbwQmztis3r8NYFwPR
ImgSL/Complementos,aapa10ko02990_01.jpg,1uiwWw37B12HIP6-dC214Al9nzZl0dthu,https://drive.google.com/uc?export=download&id=1uiwWw37B12HIP6-dC214Al9nzZl0dthu
ImgSL/Complementos,aapa10xd02883_01.jpg,1xA9HBnAVmvUfmRLteJrKx_MxEN1nfL6c,https://drive.google.com/uc?export=download&id=1xA9HBnAVmvUfmRLteJrKx_MxEN1nfL6c
ImgSL/Complementos,aapa10ea08263_01.jpg,1xu3MYqAYyaUv0m43p2quF3yHsZMHOj3u,https://drive.google.com/uc?export=download&id=1xu3MYqAYyaUv0m43p2quF3yHsZMHOj3u
ImgSL/Complementos,aapa102402794_01.jpg,1O2ljDuLvD5DIYckFQQ81zNfa9llSZYM2,https://drive.google.com/uc?export=download&id=1O2ljDuLvD5DIYckFQQ81zNfa9llSZYM2
ImgSL/Complementos,aapa10as08924_01.jpg,1PWQOJ2PHwdd0sLJKTvwhzGJyZjdRxlXS,https://drive.google.com/uc?export=download&id=1PWQOJ2PHwdd0sLJKTvwhzGJyZjdRxlXS
ImgSL/Complementos,aapa10i902516_01.jpg,1QoRi1ublUnm_3jSRx5pznJOThnwzN18h,https://drive.google.com/uc?export=download&id=1QoRi1ublUnm_3jSRx5pznJOThnwzN18h
ImgSL/Complementos,aapa108n02794_01.jpg,1QuexylvRv44mbEYq0DOndgqxgtqviAo7,https://drive.google.com/uc?export=download&id=1QuexylvRv44mbEYq0DOndgqxgtqviAo7
ImgSL/Complementos,aapa10yl05284_01.jpg,1R25gVm_5QsnBJ6SBQbCIp2WZT4g9QD6u,https://drive.google.com/uc?export=download&id=1R25gVm_5QsnBJ6SBQbCIp2WZT4g9QD6u
ImgSL/Complementos,aapa109v42990_01.jpg,1TRHrEgwHR5FbUklY7xCUkY8g6x47rBnu,https://drive.google.com/uc?export=download&id=1TRHrEgwHR5FbUklY7xCUkY8g6x47rBnu
ImgSL/Complementos,aapa10co02516_01_0.jpg,1TeN9R0eyWICMruSeA5Cvjt9bcAoctgff,https://drive.google.com/uc?export=download&id=1TeN9R0eyWICMruSeA5Cvjt9bcAoctgff
ImgSL/Complementos,aapa10s402890_01.jpg,1V0jUC0InOGi92jmdPiiiOAPyYXSQZ716,https://drive.google.com/uc?export=download&id=1V0jUC0InOGi92jmdPiiiOAPyYXSQZ716
ImgSL/Complementos,aapa10m301589_01.jpg,1XQJrM6xtqogJtyDIMDLfFHkafZqKn3kd,https://drive.google.com/uc?export=download&id=1XQJrM6xtqogJtyDIMDLfFHkafZqKn3kd
ImgSL/Complementos,aapa103802436_01.jpg,1XVd916RlmIZ4d4yjpGa2rJfF-aKbtMTt,https://drive.google.com/uc?export=download&id=1XVd916RlmIZ4d4yjpGa2rJfF-aKbtMTt
ImgSL/Complementos,aapa10az02819_01.jpg,1Y5VniJ6UO9eiPXFb02fi_e-awXjKU2kb,https://drive.google.com/uc?export=download&id=1Y5VniJ6UO9eiPXFb02fi_e-awXjKU2kb
ImgSL/Complementos,aapa10ao48263_01.jpg,1Y9Ty2wG6al1WaEY3oJsSAo-OEvU9RY4R,https://drive.google.com/uc?export=download&id=1Y9Ty2wG6al1WaEY3oJsSAo-OEvU9RY4R
ImgSL/Complementos,aapa109q02586_01.jpg,1YqkwaBLVaNLTrvA-9aJ-zYOWg3tDPGc4,https://drive.google.com/uc?export=download&id=1YqkwaBLVaNLTrvA-9aJ-zYOWg3tDPGc4
ImgSL/Complementos,aapa10bc02869_01.jpg,1ZKFFO9xDFBmGruWf0lhkRiplhQ5PnGWj,https://drive.google.com/uc?export=download&id=1ZKFFO9xDFBmGruWf0lhkRiplhQ5PnGWj
ImgSL/Complementos,aapa10n402995_01.jpg,1_8DZicGhZln7AdPO64sp6S4K3m7dCOFf,https://drive.google.com/uc?export=download&id=1_8DZicGhZln7AdPO64sp6S4K3m7dCOFf
ImgSL/Complementos,aapa107102445_01.jpg,1a4FYKodpvw7_quU4CsMiE3L0j61z-Idt,https://drive.google.com/uc?export=download&id=1a4FYKodpvw7_quU4CsMiE3L0j61z-Idt
ImgSL/Complementos,aapa100202500_01.jpg,1aYPJcEuDnDNeYHi46sGrQyUQmovwxfCW,https://drive.google.com/uc?export=download&id=1aYPJcEuDnDNeYHi46sGrQyUQmovwxfCW
ImgSL/Complementos,aapa10r102794_01.jpg,1bsZGcJU4Dlw70a1t9DDj8OtNYahF2ZPK,https://drive.google.com/uc?export=download&id=1bsZGcJU4Dlw70a1t9DDj8OtNYahF2ZPK
ImgSL/Complementos,aapa10tp41904_01.jpg,1dNBa4t420Yx7CxRwW0v6AKBbUK2FGLhK,https://drive.google.com/uc?export=download&id=1dNBa4t420Yx7CxRwW0v6AKBbUK2FGLhK
ImgSL/Complementos,aapa109402825_01.jpg,1do1ejNu0K-dvX7z-XW1eJqnnpzhli1n9,https://drive.google.com/uc?export=download&id=1do1ejNu0K-dvX7z-XW1eJqnnpzhli1n9
ImgSL/Complementos,aapa10ag02944_01.jpg,1eALqhCwqI6bs9VscKcS4i9GlkER1DrZE,https://drive.google.com/uc?export=download&id=1eALqhCwqI6bs9VscKcS4i9GlkER1DrZE
ImgSL/Complementos,aapa10e102741_01.jpg,1g-d7pUBxxrkLGDj3IWF9phEAlfWILK3n,https://drive.google.com/uc?export=download&id=1g-d7pUBxxrkLGDj3IWF9phEAlfWILK3n
ImgSL/Complementos,aapa109m02932_01.jpg,1g04wYKzIx0Yukpmsg1zgcrkeR7ylxsYA,https://drive.google.com/uc?export=download&id=1g04wYKzIx0Yukpmsg1zgcrkeR7ylxsYA
ImgSL/Complementos,aapa100203021_01.jpg,1k6wHW6Y3chJWL4sf48LP0uOfZijwuGJU,https://drive.google.com/uc?export=download&id=1k6wHW6Y3chJWL4sf48LP0uOfZijwuGJU
ImgSL/Complementos,aapa10bh02741_01.jpg,1kBiAwsMbuONi-2WARZBv0kfkQzOlsy5F,https://drive.google.com/uc?export=download&id=1kBiAwsMbuONi-2WARZBv0kfkQzOlsy5F
ImgSL/Complementos,aapa107602587_01.jpg,1kVG2puU8Z1xev2NI-qk6oFGrkkmJAasq,https://drive.google.com/uc?export=download&id=1kVG2puU8Z1xev2NI-qk6oFGrkkmJAasq
ImgSL/Complementos,aapa105502963_01.jpg,12bu9F6L3AvWjA9QvBhNoQT6d3io2gnYh,https://drive.google.com/uc?export=download&id=12bu9F6L3AvWjA9QvBhNoQT6d3io2gnYh
ImgSL/Complementos,aapa10a102899_01.jpg,13ZMPN1y3FVlogP6AY1UmkbHEUhlKfFfA,https://drive.google.com/uc?export=download&id=13ZMPN1y3FVlogP6AY1UmkbHEUhlKfFfA
ImgSL/Complementos,aapa109o02884_01.jpg,13lSW5j64_MDvP77GWYc0vVYjfaG7Gw_c,https://drive.google.com/uc?export=download&id=13lSW5j64_MDvP77GWYc0vVYjfaG7Gw_c
ImgSL/Complementos,aapa10hf02944_01.jpg,13ptwZ8cBEryHyGdHy9PZ6HdTs2tv37Xg,https://drive.google.com/uc?export=download&id=13ptwZ8cBEryHyGdHy9PZ6HdTs2tv37Xg
ImgSL/Complementos,aapa108708263_01.jpg,153yOpmzPG1P3AJqVZfvdGd6oZ2QbcDva,https://drive.google.com/uc?export=download&id=153yOpmzPG1P3AJqVZfvdGd6oZ2QbcDva
ImgSL/Complementos,aapa108c02939_01.jpg,15LuK9JNY0sSiZWWZwDFnnjGgcamRgZjt,https://drive.google.com/uc?export=download&id=15LuK9JNY0sSiZWWZwDFnnjGgcamRgZjt
ImgSL/Complementos,aapa102202641_01.jpg,16PirRoLr_JjttSyd8W5miZTheUpyhmF4,https://drive.google.com/uc?export=download&id=16PirRoLr_JjttSyd8W5miZTheUpyhmF4
ImgSL/Complementos,aapa10k703006_01.jpg,16QJvQ7_Udhpmnm7XGl8qms50aESbSsfL,https://drive.google.com/uc?export=download&id=16QJvQ7_Udhpmnm7XGl8qms50aESbSsfL
ImgSL/Complementos,aapa10h406401_01.jpg,16QNA7DPs8WMgYnCP7q-kGU5OvkrdhUVG,https://drive.google.com/uc?export=download&id=16QNA7DPs8WMgYnCP7q-kGU5OvkrdhUVG
ImgSL/Complementos,aapa10ba02500_01_01.jpg,1AAkBR0KzRZtrOC_dU9Ip1UstaAeIGGuj,https://drive.google.com/uc?export=download&id=1AAkBR0KzRZtrOC_dU9Ip1UstaAeIGGuj
ImgSL/Complementos,aapa103602516_01.jpg,1AR7MG-QpKFP3le1vI5KUPAuISo56n6Vv,https://drive.google.com/uc?export=download&id=1AR7MG-QpKFP3le1vI5KUPAuISo56n6Vv
ImgSL/Complementos,aapa10af02587_01.jpg,1CIPK7QOEWYMkL23XWWBq2UPDDMz8VGjw,https://drive.google.com/uc?export=download&id=1CIPK7QOEWYMkL23XWWBq2UPDDMz8VGjw
ImgSL/Complementos,aapa109n02765_01.jpg,1DRJnNbeUBFEG5acFxnGtm37ZG-h6DTqZ,https://drive.google.com/uc?export=download&id=1DRJnNbeUBFEG5acFxnGtm37ZG-h6DTqZ
ImgSL/Complementos,aapa10zy02959_01.jpg,1DiJ5YP_3gO5ZMBRwizBKYh2ezmXojeQQ,https://drive.google.com/uc?export=download&id=1DiJ5YP_3gO5ZMBRwizBKYh2ezmXojeQQ
ImgSL/Complementos,aapa10jo02974_01.jpg,1EHr_g-G4jVX3pmnuoISoeRQfnQu9Q6pl,https://drive.google.com/uc?export=download&id=1EHr_g-G4jVX3pmnuoISoeRQfnQu9Q6pl
ImgSL/Complementos,aapa10m401589_01.jpg,1IeBnW9omk-DTsl5YDMHSEBlY3s9W0Ynl,https://drive.google.com/uc?export=download&id=1IeBnW9omk-DTsl5YDMHSEBlY3s9W0Ynl
ImgSL/Complementos,aapa10jj02996_01.jpg,1J0rc57luF0Ko-K7vkEgk5kooBmh7rzoS,https://drive.google.com/uc?export=download&id=1J0rc57luF0Ko-K7vkEgk5kooBmh7rzoS
ImgSL/Complementos,aapa10l902932_01.jpg,1J998hTWbkwXSo1FbV2Awrv2tg-XZ1L_w,https://drive.google.com/uc?export=download&id=1J998hTWbkwXSo1FbV2Awrv2tg-XZ1L_w
ImgSL/Complementos,aapa103o02989_01.jpg,1JRIXXZrTcTJOUGpAfoEJwgnczKfTSLJx,https://drive.google.com/uc?export=download&id=1JRIXXZrTcTJOUGpAfoEJwgnczKfTSLJx
ImgSL/Complementos,aapa10x306401_01.jpg,1K_PNev1WRYgvETRND4Ge7BxQi5iCuZT4,https://drive.google.com/uc?export=download&id=1K_PNev1WRYgvETRND4Ge7BxQi5iCuZT4
ImgSL/Complementos,aapa10an01589_01.jpg,1KxxkOif-xvb0qqNFDjhPzrNHQrj303p_,https://drive.google.com/uc?export=download&id=1KxxkOif-xvb0qqNFDjhPzrNHQrj303p_
ImgSL/Complementos,aapa10n402996_01.jpg,1-ttcgQ-h0eRuxzrUJjHURSDwdLSoQq_a,https://drive.google.com/uc?export=download&id=1-ttcgQ-h0eRuxzrUJjHURSDwdLSoQq_a
ImgSL/Complementos,aapa106102810_01.jpg,101wT2cBkvacl7QRGiGclfONUXf9dl-mp,https://drive.google.com/uc?export=download&id=101wT2cBkvacl7QRGiGclfONUXf9dl-mp
ImgSL/Complementos,aapa108902806_01.jpg,11DlEKCgn6hf9Kz1peAzRTRHU8an_POsK,https://drive.google.com/uc?export=download&id=11DlEKCgn6hf9Kz1peAzRTRHU8an_POsK
ImgSL/Complementos,aapa108h02683_01.jpg,11kLBMBUgLUjmyZKiS1DJh0mARGmD2D0X,https://drive.google.com/uc?export=download&id=11kLBMBUgLUjmyZKiS1DJh0mARGmD2D0X
ImgSL/Moda,42ph201100632_01.jpg,1amjt9Zcm1toRM0gAgIZon3m1ISEknaEw,https://drive.google.com/uc?export=download&id=1amjt9Zcm1toRM0gAgIZon3m1ISEknaEw
ImgSL/Moda,42pm503305981_01.jpg,1asoO9G-sQn4rlpTwv3jxOdC3PkmTOC9s,https://drive.google.com/uc?export=download&id=1asoO9G-sQn4rlpTwv3jxOdC3PkmTOC9s
ImgSL/Moda,42ph201506201_01.jpg,1bRGq_3g_f6TiAVAQ6L3f9xd4kSBxRXSC,https://drive.google.com/uc?export=download&id=1bRGq_3g_f6TiAVAQ6L3f9xd4kSBxRXSC
ImgSL/Moda,42pm446120282_01.jpg,1be0n8RcM_O05YBjOO01tk69ryBw5rTeJ,https://drive.google.com/uc?export=download&id=1be0n8RcM_O05YBjOO01tk69ryBw5rTeJ
ImgSL/Moda,42pm206520211_01.jpg,1YZ2pN_ayMQ3ijrbEB8l98cozMbEb8pII,https://drive.google.com/uc?export=download&id=1YZ2pN_ayMQ3ijrbEB8l98cozMbEb8pII
ImgSL/Moda,42ph021505331_01.jpg,1_T9lcigsYjyNQMrMOTkT0WctflcOSYsI,https://drive.google.com/uc?export=download&id=1_T9lcigsYjyNQMrMOTkT0WctflcOSYsI
ImgSL/Moda,42pm205106022_01.jpg,1_dmBv-ppKzSpOyk9rucfLC8kWJyiXS-o,https://drive.google.com/uc?export=download&id=1_dmBv-ppKzSpOyk9rucfLC8kWJyiXS-o
ImgSL/Moda,42pm445306451_01.jpg,1_g1Kezs0IvM2R-muRa7g8tShyVVtcsmj,https://drive.google.com/uc?export=download&id=1_g1Kezs0IvM2R-muRa7g8tShyVVtcsmj
ImgSL/Moda,42ph740206103_01.jpg,1_lQFHAg7r1756O7WzSFGTaE9o5xrCRwj,https://drive.google.com/uc?export=download&id=1_lQFHAg7r1756O7WzSFGTaE9o5xrCRwj
ImgSL/Moda,42pm204705481_01.jpg,1_uuMC1p7dfqebkjIJDlPWHrNAB39wzhe,https://drive.google.com/uc?export=download&id=1_uuMC1p7dfqebkjIJDlPWHrNAB39wzhe
ImgSL/Moda,aapa780300119_01.jpg,1a69F1kzE-yRnJUeMn1sDRJDE1C-JDOpI,https://drive.google.com/uc?export=download&id=1a69F1kzE-yRnJUeMn1sDRJDE1C-JDOpI
ImgSL/Moda,42ph745706151_01.jpg,1X7cJidVOzJFbTWV6bxifsHCJznm9iop4,https://drive.google.com/uc?export=download&id=1X7cJidVOzJFbTWV6bxifsHCJznm9iop4
ImgSL/Moda,42pm400500041_01.jpg,1XYuWBUgnkygXE_oGCM-5XOG-9U8JnAcK,https://drive.google.com/uc?export=download&id=1XYuWBUgnkygXE_oGCM-5XOG-9U8JnAcK
ImgSL/Moda,42ph201100612_01.jpg,1Xibk8fx0aFk2iw8eEJu_P3-NY8UGn8R8,https://drive.google.com/uc?export=download&id=1Xibk8fx0aFk2iw8eEJu_P3-NY8UGn8R8
ImgSL/Moda,42ph747006321_01.jpg,1Xylyi2U6VhTROKDbbegsUjIgluWdh0PR,https://drive.google.com/uc?export=download&id=1Xylyi2U6VhTROKDbbegsUjIgluWdh0PR
ImgSL/Moda,42ph201100931_01.jpg,1Y7CdMhLg0a9P9lvEKn9WECi1z8Nqn4vq,https://drive.google.com/uc?export=download&id=1Y7CdMhLg0a9P9lvEKn9WECi1z8Nqn4vq
ImgSL/Moda,42pm023905631_01.jpg,1YRtuUkb4edFt2TpcffJM-pa2CVT5mTGu,https://drive.google.com/uc?export=download&id=1YRtuUkb4edFt2TpcffJM-pa2CVT5mTGu
ImgSL/Moda,42pm740905581_01_0.jpg,1SCxaNMgbYNxdvrkLCm85ilToq_OKP1yt,https://drive.google.com/uc?export=download&id=1SCxaNMgbYNxdvrkLCm85ilToq_OKP1yt
ImgSL/Moda,42ph201105713_01.jpg,1SKlKMKVYpU9qbEX5lUj52iUlU-lVDX5K,https://drive.google.com/uc?export=download&id=1SKlKMKVYpU9qbEX5lUj52iUlU-lVDX5K
ImgSL/Moda,42pm740806561_01.jpg,1SjXDmKQ9dBfDdIc0f5lJCGE7xlCFUV4D,https://drive.google.com/uc?export=download&id=1SjXDmKQ9dBfDdIc0f5lJCGE7xlCFUV4D
ImgSL/Moda,42pm400700471_01.jpg,1SmLlDlzwivm4NhXoq0QIfexQB3MEkUVC,https://drive.google.com/uc?export=download&id=1SmLlDlzwivm4NhXoq0QIfexQB3MEkUVC
ImgSL/Moda,42pm203905461_01.jpg,1SuwtFVejACHrBhiEqhtUGzA5Lp4h61E2,https://drive.google.com/uc?export=download&id=1SuwtFVejACHrBhiEqhtUGzA5Lp4h61E2
ImgSL/Moda,42pm503505621_01.jpg,1U6jzmA7PQ4t3_yLOwa8Qkg9Q_0zf5zBK,https://drive.google.com/uc?export=download&id=1U6jzmA7PQ4t3_yLOwa8Qkg9Q_0zf5zBK
ImgSL/Moda,42ph745206112_01.jpg,1Vb0eyNzfLrdOHz1LcGpjpGK6h1yZC2aw,https://drive.google.com/uc?export=download&id=1Vb0eyNzfLrdOHz1LcGpjpGK6h1yZC2aw
ImgSL/Moda,42ph422405302_01.jpg,1VfzeeSlrUnF-QAFis8_mVg4-mJeigK7G,https://drive.google.com/uc?export=download&id=1VfzeeSlrUnF-QAFis8_mVg4-mJeigK7G
ImgSL/Moda,42pm204105031_01.jpg,1VjofOyvaZY9OX34MwfJ8Gdy8JhIRYVNG,https://drive.google.com/uc?export=download&id=1VjofOyvaZY9OX34MwfJ8Gdy8JhIRYVNG
ImgSL/Moda,aapa780300118_01.jpg,1WAszPSe_VYxP8ocxtZJZlKxSZBBGm1UF,https://drive.google.com/uc?export=download&id=1WAszPSe_VYxP8ocxtZJZlKxSZBBGm1UF
ImgSL/Moda,42ph201100631_01.jpg,1OZcfuKjgvaPTM91dc5JuwbWVCnHgIPkq,https://drive.google.com/uc?export=download&id=1OZcfuKjgvaPTM91dc5JuwbWVCnHgIPkq
ImgSL/Moda,42ph220206351_01.jpg,1OaJGIxoagf41QImi2A6Ihx3-NN86THGE,https://drive.google.com/uc?export=download&id=1OaJGIxoagf41QImi2A6Ihx3-NN86THGE
ImgSL/Moda,42pm020100481_01.jpg,1OokrHGYlYdq7yLn1E-WNjEbRnTPrsMtj,https://drive.google.com/uc?export=download&id=1OokrHGYlYdq7yLn1E-WNjEbRnTPrsMtj
ImgSL/Moda,42ph224006381_01.jpg,1QY5yaojVIke2IYHGNTttn_HRSwXRkFtR,https://drive.google.com/uc?export=download&id=1QY5yaojVIke2IYHGNTttn_HRSwXRkFtR
ImgSL/Moda,42ph740406101_01.jpg,1Qa2OLoLZ9WjpLcXNBmDQ9vp385h8Lnpr,https://drive.google.com/uc?export=download&id=1Qa2OLoLZ9WjpLcXNBmDQ9vp385h8Lnpr
ImgSL/Moda,42pm204305481_01.jpg,1QfpV59Itq9oV78juE6wN2PR-3GYCVk3m,https://drive.google.com/uc?export=download&id=1QfpV59Itq9oV78juE6wN2PR-3GYCVk3m
ImgSL/Moda,42pm026120101_01.jpg,1Qk71XyZndquUe6vB_yFtiDVYitUc6UsL,https://drive.google.com/uc?export=download&id=1Qk71XyZndquUe6vB_yFtiDVYitUc6UsL
ImgSL/Moda,42pm205106021_01.jpg,1Qo3Cg7PFuGUfBwushqMnM1BacvknYVH4,https://drive.google.com/uc?export=download&id=1Qo3Cg7PFuGUfBwushqMnM1BacvknYVH4
ImgSL/Moda,42ph740406105_01.jpg,1Qz0OZxkn2mroY8Ib-VJ6nXXnMoDANAAl,https://drive.google.com/uc?export=download&id=1Qz0OZxkn2mroY8Ib-VJ6nXXnMoDANAAl
ImgSL/Moda,42pm200100181_01.jpg,1Kt9UzNcYXBHkQMrhVVd8THUaDtyVRNco,https://drive.google.com/uc?export=download&id=1Kt9UzNcYXBHkQMrhVVd8THUaDtyVRNco
ImgSL/Moda,42ph201105712_01.jpg,1KyP0qyaX-RRpKNNJJWFjYjiDPfnx1-Hd,https://drive.google.com/uc?export=download&id=1KyP0qyaX-RRpKNNJJWFjYjiDPfnx1-Hd
ImgSL/Moda,42ph740206104_01.jpg,1L-530XTDKvmAE_pUJuCsTFxCXRBn1SWd,https://drive.google.com/uc?export=download&id=1L-530XTDKvmAE_pUJuCsTFxCXRBn1SWd
ImgSL/Moda,aapa512706464_01.jpg,1LP8eHPJFE4ZBXr2PrVZaGvvCEFn202Ug,https://drive.google.com/uc?export=download&id=1LP8eHPJFE4ZBXr2PrVZaGvvCEFn202Ug
ImgSL/Moda,42ph740306101_01.jpg,1LfyrXL9ThgbXYLuyX5o8LUGpN6a4MsYS,https://drive.google.com/uc?export=download&id=1LfyrXL9ThgbXYLuyX5o8LUGpN6a4MsYS
ImgSL/Moda,42ph745606111_01.jpg,1LvFzb6uGlwOlZUP_M8Y1hA2c30K-SdPn,https://drive.google.com/uc?export=download&id=1LvFzb6uGlwOlZUP_M8Y1hA2c30K-SdPn
ImgSL/Moda,42pm213705071_01.jpg,1LvzZLn9F-7rAs_mzptoaexmaan6aZrY5,https://drive.google.com/uc?export=download&id=1LvzZLn9F-7rAs_mzptoaexmaan6aZrY5
ImgSL/Moda,42pm203905051_01.jpg,1MCs_CfSMqSJEJGxzxUpC4L9hATplgX9w,https://drive.google.com/uc?export=download&id=1MCs_CfSMqSJEJGxzxUpC4L9hATplgX9w
ImgSL/Moda,42ph201100721_01.jpg,1Mnk6t-YdkZVOUdEzQ6ColgoMxdr7js-i,https://drive.google.com/uc?export=download&id=1Mnk6t-YdkZVOUdEzQ6ColgoMxdr7js-i
ImgSL/Moda,42pm203505041_01.jpg,1Nc1ninjemfz_wMKwSu9091FA9FaqwUmd,https://drive.google.com/uc?export=download&id=1Nc1ninjemfz_wMKwSu9091FA9FaqwUmd
ImgSL/Moda,42ph423000841_01.jpg,1NmJH_kKL_zZeGjFK7JjxO0SWj77v6oBj,https://drive.google.com/uc?export=download&id=1NmJH_kKL_zZeGjFK7JjxO0SWj77v6oBj
ImgSL/Moda,aapa780300116_01.jpg,1HMN3f5_64hqunluO9DXQXSoCJ-5AAnCe,https://drive.google.com/uc?export=download&id=1HMN3f5_64hqunluO9DXQXSoCJ-5AAnCe
ImgSL/Moda,42ph745006141_01.jpg,1H_P-QcJZH0Ob4zPkDyZxnd9zuiD7zdwg,https://drive.google.com/uc?export=download&id=1H_P-QcJZH0Ob4zPkDyZxnd9zuiD7zdwg
ImgSL/Moda,42ph421205233_01.jpg,1IVK0jHbySpOjNFua-orK73rNUP7OXXSS,https://drive.google.com/uc?export=download&id=1IVK0jHbySpOjNFua-orK73rNUP7OXXSS
ImgSL/Moda,42ph700306161_01.jpg,1J9l6OOAxAIx8khwCeGf5axythvqKaC8I,https://drive.google.com/uc?export=download&id=1J9l6OOAxAIx8khwCeGf5axythvqKaC8I
ImgSL/Moda,42pm506120061_01.jpg,1JGb1V7_VFlcnDKE--Vrik0dBWhnjs0uc,https://drive.google.com/uc?export=download&id=1JGb1V7_VFlcnDKE--Vrik0dBWhnjs0uc
ImgSL/Moda,42ph220806711_01.jpg,1JJPVreMrt-6CoWilUIS6IGUJeVxL56Ln,https://drive.google.com/uc?export=download&id=1JJPVreMrt-6CoWilUIS6IGUJeVxL56Ln
ImgSL/Moda,42pm203305882_01.jpg,1JSJ1PD_dTKQS0_kK6JXSX_tkAiEC9HLv,https://drive.google.com/uc?export=download&id=1JSJ1PD_dTKQS0_kK6JXSX_tkAiEC9HLv
ImgSL/Moda,42pm503106461_01.jpg,1JTQqQlgIsQWeA3tVbAweul1POevr2MIl,https://drive.google.com/uc?export=download&id=1JTQqQlgIsQWeA3tVbAweul1POevr2MIl
ImgSL/Moda,42pm203705042_01.jpg,1KAZdiMpKr-Ag0GxSGgH7HU0DduQq7JwO,https://drive.google.com/uc?export=download&id=1KAZdiMpKr-Ag0GxSGgH7HU0DduQq7JwO
ImgSL/Moda,aapa575803004_01.jpg,1KZU-CytowuEgVHCtAP4x_VwOPivTxdUD,https://drive.google.com/uc?export=download&id=1KZU-CytowuEgVHCtAP4x_VwOPivTxdUD
ImgSL/Moda,42ph423305212_01.jpg,1EhsPjFmsBDgrXkFOA-ZcMgUtfGrcOQ54,https://drive.google.com/uc?export=download&id=1EhsPjFmsBDgrXkFOA-ZcMgUtfGrcOQ54
ImgSL/Moda,42pm404100761_01.jpg,1EldfkkZXK6tKWEzkVmg80f4_MdMd_Eb4,https://drive.google.com/uc?export=download&id=1EldfkkZXK6tKWEzkVmg80f4_MdMd_Eb4
ImgSL/Moda,42pm746920461_01.jpg,1F0AoU8mmu3yV1EiKmY6rOYW1jupU5Mp0,https://drive.google.com/uc?export=download&id=1F0AoU8mmu3yV1EiKmY6rOYW1jupU5Mp0
ImgSL/Moda,42ph746406312_01.jpg,1FSHpIXzn1o4xhq8GDkVCNOh2D0d8gANW,https://drive.google.com/uc?export=download&id=1FSHpIXzn1o4xhq8GDkVCNOh2D0d8gANW
ImgSL/Moda,42pm406320023_01.jpg,1FTMKwgqSYh70PM259gamrZS0iNd4hyyz,https://drive.google.com/uc?export=download&id=1FTMKwgqSYh70PM259gamrZS0iNd4hyyz
ImgSL/Moda,42pm203105641_01.jpg,1G2gK9xANWylD_Fr6KgbBI4Hv-yGH1jA2,https://drive.google.com/uc?export=download&id=1G2gK9xANWylD_Fr6KgbBI4Hv-yGH1jA2
ImgSL/Moda,42ph220506712_01.jpg,1G7mz6wU_FaNYpFP1tvdlxRveQk2iyO5q,https://drive.google.com/uc?export=download&id=1G7mz6wU_FaNYpFP1tvdlxRveQk2iyO5q
ImgSL/Moda,42ph221006371_01.jpg,1GEFNFd6K5GQ116ZzA8GUVOzTv0P0uvl6,https://drive.google.com/uc?export=download&id=1GEFNFd6K5GQ116ZzA8GUVOzTv0P0uvl6
ImgSL/Moda,42ph740306105_01.jpg,1GJhSuXyRDaoMYVDB9n0ajWJj5O6NBryg,https://drive.google.com/uc?export=download&id=1GJhSuXyRDaoMYVDB9n0ajWJj5O6NBryg
ImgSL/Moda,42ph744906121_01.jpg,1GTlOoE0eqI2ZS--SaKYyfsPbpV83jzEl,https://drive.google.com/uc?export=download&id=1GTlOoE0eqI2ZS--SaKYyfsPbpV83jzEl
ImgSL/Moda,aapa780300117_01.jpg,1GwormuhNolWDa5DwvZrbRaU5c8rzS_Mb,https://drive.google.com/uc?export=download&id=1GwormuhNolWDa5DwvZrbRaU5c8rzS_Mb
ImgSL/Moda,42ph743006331_01.jpg,1A22zqi0Hv-nwgiFg61YE4MTC0QPAbbVx,https://drive.google.com/uc?export=download&id=1A22zqi0Hv-nwgiFg61YE4MTC0QPAbbVx
ImgSL/Moda,42pm747120041_01.jpg,1AegSUzMB1fkcKK3tsEyj4lUywmN4jr35,https://drive.google.com/uc?export=download&id=1AegSUzMB1fkcKK3tsEyj4lUywmN4jr35
ImgSL/Moda,aapa780500115_01.jpg,1AiAMTAYHurkNqr07sDtAfrelAO-4VgVt,https://drive.google.com/uc?export=download&id=1AiAMTAYHurkNqr07sDtAfrelAO-4VgVt
ImgSL/Moda,42pm203305881_01.jpg,1BANeQ6fNc1uDnZuM6n_EQqKNhlezQw8b,https://drive.google.com/uc?export=download&id=1BANeQ6fNc1uDnZuM6n_EQqKNhlezQw8b
ImgSL/Moda,42pm203705043_01.jpg,1BMFJqXrsDF32uR5Wy4Paw-seq_nRJe7H,https://drive.google.com/uc?export=download&id=1BMFJqXrsDF32uR5Wy4Paw-seq_nRJe7H
ImgSL/Moda,42pm206720011_01.jpg,1CKfQU_2r2PsKSfJQyPR0Nyb79si5NUrT,https://drive.google.com/uc?export=download&id=1CKfQU_2r2PsKSfJQyPR0Nyb79si5NUrT
ImgSL/Moda,42pm026320361_01.jpg,1EGbvgg1BK2JgAhF63Tz5vU4XVsmnpnqY,https://drive.google.com/uc?export=download&id=1EGbvgg1BK2JgAhF63Tz5vU4XVsmnpnqY
ImgSL/Moda,42pm740706551_01.jpg,1ERnWySSUTo1EIrwMRqqh2VRiMuF-uSsg,https://drive.google.com/uc?export=download&id=1ERnWySSUTo1EIrwMRqqh2VRiMuF-uSsg
ImgSL/Moda,42pm206320241_01.jpg,1EfrHadygwadwHJFyAAau9nlEIRNpnFzT,https://drive.google.com/uc?export=download&id=1EfrHadygwadwHJFyAAau9nlEIRNpnFzT
ImgSL/Moda,42ph420105231_01.jpg,16VHg9voTmJb8JM4fIWy2DGwjIt2RSGkt,https://drive.google.com/uc?export=download&id=16VHg9voTmJb8JM4fIWy2DGwjIt2RSGkt
ImgSL/Moda,aapa780605954_01.jpg,16f4ui0-JJKdvtA1w2bY7eUgHJ69gRvtQ,https://drive.google.com/uc?export=download&id=16f4ui0-JJKdvtA1w2bY7eUgHJ69gRvtQ
ImgSL/Moda,42ph748506311_01.jpg,17Cy-WFQiWs_5jRvtym-Mozr7t6U91euK,https://drive.google.com/uc?export=download&id=17Cy-WFQiWs_5jRvtym-Mozr7t6U91euK
ImgSL/Moda,42pm020100483_01.jpg,17ZOyg8RLBvcVR8CAc6idAxRnQekDuMP6,https://drive.google.com/uc?export=download&id=17ZOyg8RLBvcVR8CAc6idAxRnQekDuMP6
ImgSL/Moda,aapa575803005_01.jpg,18AVpBUINUqbokvv6O02VP2HUIbI5i2fR,https://drive.google.com/uc?export=download&id=18AVpBUINUqbokvv6O02VP2HUIbI5i2fR
ImgSL/Moda,42ph201100591_01.jpg,18OdHmKQwnbHyvWHKGaYza63p7PL_PW0P,https://drive.google.com/uc?export=download&id=18OdHmKQwnbHyvWHKGaYza63p7PL_PW0P
ImgSL/Moda,42ph201100611_01.jpg,18p9e7S1op2BM-SfvNlnBMIbSjWiDhlHG,https://drive.google.com/uc?export=download&id=18p9e7S1op2BM-SfvNlnBMIbSjWiDhlHG
ImgSL/Moda,42ph201100693_01.jpg,19NwFH0cLr7X28XjTzqUMCJ3nrVSWPwCy,https://drive.google.com/uc?export=download&id=19NwFH0cLr7X28XjTzqUMCJ3nrVSWPwCy
ImgSL/Moda,42pm404100763_01.jpg,19PchIr4tNaW0mYs1Rt_01FKM-g1YfQbi,https://drive.google.com/uc?export=download&id=19PchIr4tNaW0mYs1Rt_01FKM-g1YfQbi
ImgSL/Moda,42pm403505651_01.jpg,1A-lPdPtdkESn6eY2mOWsnhq1RJpQq_ow,https://drive.google.com/uc?export=download&id=1A-lPdPtdkESn6eY2mOWsnhq1RJpQq_ow
ImgSL/Moda,42pm400500201_01.jpg,10dcdqjB1CMQEbdDAevW5D1MuPAfiFLS6,https://drive.google.com/uc?export=download&id=10dcdqjB1CMQEbdDAevW5D1MuPAfiFLS6
ImgSL/Moda,42ph201100932_01.jpg,11l_2R_nuwGRRVWFp2xXKc-YL8NvlpD4Z,https://drive.google.com/uc?export=download&id=11l_2R_nuwGRRVWFp2xXKc-YL8NvlpD4Z
ImgSL/Moda,42pm406320021_01.jpg,12eRyRh4ddmDwwxKuFiAuxZ6tGS9octsL,https://drive.google.com/uc?export=download&id=12eRyRh4ddmDwwxKuFiAuxZ6tGS9octsL
ImgSL/Moda,42ph220206352_01.jpg,12yNFJ0gD6ijK7XBpHrXxwjaD1UYVsGji,https://drive.google.com/uc?export=download&id=12yNFJ0gD6ijK7XBpHrXxwjaD1UYVsGji
ImgSL/Moda,42ph205100701_01.jpg,1315zJeoer9FI_mkTBA_M0TA_65kSSsgY,https://drive.google.com/uc?export=download&id=1315zJeoer9FI_mkTBA_M0TA_65kSSsgY
ImgSL/Moda,42ph740206101_01.jpg,14AnoTkrAhwp9ANZcURLtGeuRGgxBCXG6,https://drive.google.com/uc?export=download&id=14AnoTkrAhwp9ANZcURLtGeuRGgxBCXG6
ImgSL/Moda,42pm703305822_01.jpg,14EXycTsOXPcONTk3hfNpj_59Zr0ljtN4,https://drive.google.com/uc?export=download&id=14EXycTsOXPcONTk3hfNpj_59Zr0ljtN4
ImgSL/Moda,42ph201101041_01.jpg,14GFPsg7h2NnJV2oymhQg_mIROI6n2Jo6,https://drive.google.com/uc?export=download&id=14GFPsg7h2NnJV2oymhQg_mIROI6n2Jo6
ImgSL/Moda,42ph201100542_01.jpg,14y65aR3T_BDQvwi7EgiJDHoFvbgcXVpq,https://drive.google.com/uc?export=download&id=14y65aR3T_BDQvwi7EgiJDHoFvbgcXVpq
ImgSL/Moda,aapa780310002_01.jpg,15dnt0PA3bgdwqh61X3eQC9VAfZZVxhSS,https://drive.google.com/uc?export=download&id=15dnt0PA3bgdwqh61X3eQC9VAfZZVxhSS
ImgSL/Moda,42ph740206102_01.jpg,16MjA28DYXhiQniXLwy7evGP6gpcpAuu9,https://drive.google.com/uc?export=download&id=16MjA28DYXhiQniXLwy7evGP6gpcpAuu9
ImgSL/Moda,aapa780305954_01.jpg,1-enfV_oPGgALL-bFY5zQJ7ajJm_1Htg-,https://drive.google.com/uc?export=download&id=1-enfV_oPGgALL-bFY5zQJ7ajJm_1Htg-
ImgSL/Moda,42ph221306391_01.jpg,1-wN8Nu0ZXv1d8JPQLtg6Ibf3koXxgGQ_,https://drive.google.com/uc?export=download&id=1-wN8Nu0ZXv1d8JPQLtg6Ibf3koXxgGQ_
ImgSL/Moda,42pm747320091_01.jpg,1byVyXajpUpsBpDROSMvhBSaygrpqirwo,https://drive.google.com/uc?export=download&id=1byVyXajpUpsBpDROSMvhBSaygrpqirwo
ImgSL/Moda,42pm420300241_01.jpg,1dXsv9hJvh2SJ9iOmeNopE0uRaHIHhwKc,https://drive.google.com/uc?export=download&id=1dXsv9hJvh2SJ9iOmeNopE0uRaHIHhwKc
ImgSL/Moda,42pm444905971_01.jpg,1eAYaM8cz2GhEEzKb8u_D_YHNrvkDotYI,https://drive.google.com/uc?export=download&id=1eAYaM8cz2GhEEzKb8u_D_YHNrvkDotYI
ImgSL/Moda,aapa780610002_01.jpg,1eIuMBWnvpYC8__aRybMoY7nmBnozxCPc,https://drive.google.com/uc?export=download&id=1eIuMBWnvpYC8__aRybMoY7nmBnozxCPc
ImgSL/Moda,42pm406320022_01.jpg,1ez-rmXB-j6mW8yUnolaRWHc8w01edMaW,https://drive.google.com/uc?export=download&id=1ez-rmXB-j6mW8yUnolaRWHc8w01edMaW
ImgSL/Moda,42pm740305422_01.jpg,1fsbrXh-M6p-GEla2wzpFSz6Ieo1zP9MP,https://drive.google.com/uc?export=download&id=1fsbrXh-M6p-GEla2wzpFSz6Ieo1zP9MP
ImgSL/Moda,aapa472604011_01.jpg,1g98aIvKi6GM-6UJxGJl0a1CHT_R0ZnYQ,https://drive.google.com/uc?export=download&id=1g98aIvKi6GM-6UJxGJl0a1CHT_R0ZnYQ
ImgSL/Moda,42pm420100071_01.jpg,1h66HuQKweldboZvvQoLXa2gC_ZK5wm8X,https://drive.google.com/uc?export=download&id=1h66HuQKweldboZvvQoLXa2gC_ZK5wm8X
ImgSL/Moda,42pm761900741_01.jpg,1iCiuqetBZKBPUuQhwlw7JrT-iSDa1DXe,https://drive.google.com/uc?export=download&id=1iCiuqetBZKBPUuQhwlw7JrT-iSDa1DXe
ImgSL/Moda,42pm423105471_01.jpg,1jTNwL03WJFRJf9wGLFQGSKiN6DQPG7C6,https://drive.google.com/uc?export=download&id=1jTNwL03WJFRJf9wGLFQGSKiN6DQPG7C6
ImgSL/Moda,42pm747120042_01.jpg,1jTe18W_ZCTNCaAEjBWcG3NIgeILEUc84,https://drive.google.com/uc?export=download&id=1jTe18W_ZCTNCaAEjBWcG3NIgeILEUc84
ImgSL/Moda,42pm446920231_01.jpg,1jTfjKNTu00ETqMSkKISZ92bFaZs-1zD1,https://drive.google.com/uc?export=download&id=1jTfjKNTu00ETqMSkKISZ92bFaZs-1zD1
ImgSL/Moda,42pm741405401_01.jpg,1jvXaVzh3kbRBfk7Ur4TbJXLNxD-hSTZu,https://drive.google.com/uc?export=download&id=1jvXaVzh3kbRBfk7Ur4TbJXLNxD-hSTZu
ImgSL/Moda,42pm446120281_01.jpg,1kibMzya52O4CoV93-lLBSmMmXZIwJSZW,https://drive.google.com/uc?export=download&id=1kibMzya52O4CoV93-lLBSmMmXZIwJSZW
ImgSL/Moda,42pm446520221_01.jpg,1nzgUrsd1M7jZs42EP84QBbErbp1K15py,https://drive.google.com/uc?export=download&id=1nzgUrsd1M7jZs42EP84QBbErbp1K15py
ImgSL/Moda,42pm703906271_01.jpg,1qQ1DbdWUZH8S7MoC7QXsOeRvtDM4REzR,https://drive.google.com/uc?export=download&id=1qQ1DbdWUZH8S7MoC7QXsOeRvtDM4REzR
ImgSL/Moda,42pm703105571_01_0.jpg,1sD5DBXJfyAtpNAsRrLCY0eKVBVzBQ5KS,https://drive.google.com/uc?export=download&id=1sD5DBXJfyAtpNAsRrLCY0eKVBVzBQ5KS
ImgSL/Moda,42pm740105411_01.jpg,1sHN17uqUOYQ1xLjQ62z9gjDBkP-S8J-F,https://drive.google.com/uc?export=download&id=1sHN17uqUOYQ1xLjQ62z9gjDBkP-S8J-F
ImgSL/Moda,aapa780500114_01.jpg,1sLMzb5DGbMJDRWW9-YjdrHstHJ0Xxepw,https://drive.google.com/uc?export=download&id=1sLMzb5DGbMJDRWW9-YjdrHstHJ0Xxepw
ImgSL/Moda,42pm443905951_01.jpg,1tstxYR8mVk9R1nME1Mk-LxNSj76GZm4I,https://drive.google.com/uc?export=download&id=1tstxYR8mVk9R1nME1Mk-LxNSj76GZm4I
ImgSL/Moda,42pm746320121_01.jpg,1yM-l1zK9IsL8h4WIgWmGuIT9giXpWEhx,https://drive.google.com/uc?export=download&id=1yM-l1zK9IsL8h4WIgWmGuIT9giXpWEhx
ImgSL/Moda,aapa780400113_01.jpg,1ygyFLy8vXzJz3O9LrNqKz8lgk-JmCsfh,https://drive.google.com/uc?export=download&id=1ygyFLy8vXzJz3O9LrNqKz8lgk-JmCsfh
ImgSL/Moda,42pm023305921_02.jpg,1csAWyJG6xX7ADttGpeB4fTbvu_e7wtPL,https://drive.google.com/uc?export=download&id=1csAWyJG6xX7ADttGpeB4fTbvu_e7wtPL
ImgSL/Moda,42pm206920211_01.jpg,1ggS9wx4QcQE42XBDUwHK2AHwXj3EO1SG,https://drive.google.com/uc?export=download&id=1ggS9wx4QcQE42XBDUwHK2AHwXj3EO1SG
ImgSL/Moda,42pm213505291_01.jpg,1iTASJUsrpIoTjLl1Mev7of3QINMxDakT,https://drive.google.com/uc?export=download&id=1iTASJUsrpIoTjLl1Mev7of3QINMxDakT
ImgSL/Moda,42pm205305481_01.jpg,1j6D4Bg26PdqAJTrN51rC3nFBQy1YLLhN,https://drive.google.com/uc?export=download&id=1j6D4Bg26PdqAJTrN51rC3nFBQy1YLLhN
ImgSL/Moda,42ph761205287_01.jpg,1kl_Hv9EPePuxDxp3XwGTrwB1cxF1yasA,https://drive.google.com/uc?export=download&id=1kl_Hv9EPePuxDxp3XwGTrwB1cxF1yasA
ImgSL/Moda,42pm204905891_01.jpg,1lpa_EzEr4kSz_ET8Pjd_pu3e_Ah-GfvG,https://drive.google.com/uc?export=download&id=1lpa_EzEr4kSz_ET8Pjd_pu3e_Ah-GfvG
ImgSL/Moda,42pm203105021_01.jpg,1n3lw8SeQUftRg2WCUNoBUesaE6zCq9lB,https://drive.google.com/uc?export=download&id=1n3lw8SeQUftRg2WCUNoBUesaE6zCq9lB
ImgSL/Moda,42pm203905052_01.jpg,1oVsXyx4pdvLeW1-V1K6-Cpsv7XQjupuJ,https://drive.google.com/uc?export=download&id=1oVsXyx4pdvLeW1-V1K6-Cpsv7XQjupuJ
ImgSL/Moda,42pm205106011_01.jpg,1oa0jmfN87FjarwQG3c_mFb7-6NNWGWXY,https://drive.google.com/uc?export=download&id=1oa0jmfN87FjarwQG3c_mFb7-6NNWGWXY
ImgSL/Moda,42pm204506431_01.jpg,1puawk8_9zsf89TK_XGwzd74TZNPvy8at,https://drive.google.com/uc?export=download&id=1puawk8_9zsf89TK_XGwzd74TZNPvy8at
ImgSL/Moda,42pm363101091_01.jpg,1wiYYYgGteHOsHtCtWBvAhDpufYhRKcSy,https://drive.google.com/uc?export=download&id=1wiYYYgGteHOsHtCtWBvAhDpufYhRKcSy
ImgSL/Moda,42pm204105021_01.jpg,1xopxLS7AlFxmzFFogo1sf1Fqd8bv14DI,https://drive.google.com/uc?export=download&id=1xopxLS7AlFxmzFFogo1sf1Fqd8bv14DI
ImgSL/Moda,42ph201105721_01.jpg,1c2tCbKR2d3rch0MWeGxNTc3bBPk7sRiP,https://drive.google.com/uc?export=download&id=1c2tCbKR2d3rch0MWeGxNTc3bBPk7sRiP
ImgSL/Moda,42ph420305221_01.jpg,1fZDgxA9zOBLTWQY5qLkBCgS5WuvnRLce,https://drive.google.com/uc?export=download&id=1fZDgxA9zOBLTWQY5qLkBCgS5WuvnRLce
ImgSL/Moda,42ph201100672_01.jpg,1fqDR4Wv_386PW2K5qxQRaywcwZerRZ0e,https://drive.google.com/uc?export=download&id=1fqDR4Wv_386PW2K5qxQRaywcwZerRZ0e
ImgSL/Moda,42ph201105742_01.jpg,1g1Zs1qdNHsmKY80T4MEoQio7X_tXisS4,https://drive.google.com/uc?export=download&id=1g1Zs1qdNHsmKY80T4MEoQio7X_tXisS4
ImgSL/Moda,42ph421605301_01.jpg,1gpDmPj7milhGcG3aHedh_h03cGizguHi,https://drive.google.com/uc?export=download&id=1gpDmPj7milhGcG3aHedh_h03cGizguHi
ImgSL/Moda,42ph201100681_01.jpg,1h7pdrklQsjVDCCUSCYi4r_u4gqh0KukM,https://drive.google.com/uc?export=download&id=1h7pdrklQsjVDCCUSCYi4r_u4gqh0KukM
ImgSL/Moda,42ph201100621_01.jpg,1heT_tvf0RzlhNdDOAhTHIaUvBs_uPAv4,https://drive.google.com/uc?export=download&id=1heT_tvf0RzlhNdDOAhTHIaUvBs_uPAv4
ImgSL/Moda,42ph201100622_01.jpg,1jupBCt3qNP-IbpGRHnXuVprSii8GhGyE,https://drive.google.com/uc?export=download&id=1jupBCt3qNP-IbpGRHnXuVprSii8GhGyE
ImgSL/Moda,42ph021300412_01.jpg,1m3twh5hPQB-VUi1z30Xoou0yXOP0Kt6G,https://drive.google.com/uc?export=download&id=1m3twh5hPQB-VUi1z30Xoou0yXOP0Kt6G
ImgSL/Moda,42ph201500571_01.jpg,1mGRj7a6QkjDc0RqhfuOy8EV4vSXHFUFP,https://drive.google.com/uc?export=download&id=1mGRj7a6QkjDc0RqhfuOy8EV4vSXHFUFP
ImgSL/Moda,42ph221606371_01.jpg,1mhfnV9f1y1NRbWj7TnOq5NRhsKZCWeGT,https://drive.google.com/uc?export=download&id=1mhfnV9f1y1NRbWj7TnOq5NRhsKZCWeGT
ImgSL/Moda,42ph205500931_01.jpg,1mpg5gaB1hRRL3hYmTT-ytBKJ3VxLZqWu,https://drive.google.com/uc?export=download&id=1mpg5gaB1hRRL3hYmTT-ytBKJ3VxLZqWu
ImgSL/Moda,42ph420605221_01.jpg,1n-pPE53pJYNHbm2zYXWV_nWMis23bvJC,https://drive.google.com/uc?export=download&id=1n-pPE53pJYNHbm2zYXWV_nWMis23bvJC
ImgSL/Moda,42ph201100961_01.jpg,1n4XGBHgr9TcIQJRpZAKC2qD_CWuMoymQ,https://drive.google.com/uc?export=download&id=1n4XGBHgr9TcIQJRpZAKC2qD_CWuMoymQ
ImgSL/Moda,42ph201105731_01.jpg,1nnb92PeFHmOfR_HT456EiK02ADNrRTWq,https://drive.google.com/uc?export=download&id=1nnb92PeFHmOfR_HT456EiK02ADNrRTWq
ImgSL/Moda,42ph201100592_01.jpg,1q79Lc4hAXyuSvVtju99qyF5mqwOnfcOI,https://drive.google.com/uc?export=download&id=1q79Lc4hAXyuSvVtju99qyF5mqwOnfcOI
ImgSL/Moda,42ph201100502_01.jpg,1qB0rHDtokcz_1P-v3-bKqRnKPShdMRiY,https://drive.google.com/uc?export=download&id=1qB0rHDtokcz_1P-v3-bKqRnKPShdMRiY
ImgSL/Moda,42ph202400521_01.jpg,1s8tdttRykP63qJ2y8rFToNURTuPolyi2,https://drive.google.com/uc?export=download&id=1s8tdttRykP63qJ2y8rFToNURTuPolyi2
ImgSL/Moda,42ph021600413_01.jpg,1sCorsY_q-iWi6wSRJSWqLw7Yp1O2aslK,https://drive.google.com/uc?export=download&id=1sCorsY_q-iWi6wSRJSWqLw7Yp1O2aslK
ImgSL/Moda,42ph201100731_01.jpg,1uIdS0VTxM7ZRrO_IPJaK7N4kvoRByXFO,https://drive.google.com/uc?export=download&id=1uIdS0VTxM7ZRrO_IPJaK7N4kvoRByXFO
ImgSL/Moda,42ph203600891_01.jpg,1v5P9rcOLQYq7ADlrLPuw8Kvkuz5FaVzp,https://drive.google.com/uc?export=download&id=1v5P9rcOLQYq7ADlrLPuw8Kvkuz5FaVzp
ImgSL/Moda,42ph201105722_01.jpg,1yUc3xozzK19YJ8K3SGLFjp4m2bakazoc,https://drive.google.com/uc?export=download&id=1yUc3xozzK19YJ8K3SGLFjp4m2bakazoc
ImgSL/Moda,42ph220606711_01.jpg,1zKczMgCaRDdB-5b20wrf3FJcEDPlhmHW,https://drive.google.com/uc?export=download&id=1zKczMgCaRDdB-5b20wrf3FJcEDPlhmHW
ImgSL/Moda,42ph220906711_01.jpg,1zfJOAypjhygsGHlNqTR0FnD87bOOA4Pz,https://drive.google.com/uc?export=download&id=1zfJOAypjhygsGHlNqTR0FnD87bOOA4Pz
ImgSL/Moda,42ph220206353_01.jpg,1zt1Jy3tNJyJLlHsYgRc3ooI8t7OQrMPc,https://drive.google.com/uc?export=download&id=1zt1Jy3tNJyJLlHsYgRc3ooI8t7OQrMPc
ImgSL/Otros,poltergeist19821.jpg,1qn8T7SHnjIaXVPrMcN5dsd0ARRajszNF,https://drive.google.com/uc?export=download&id=1qn8T7SHnjIaXVPrMcN5dsd0ARRajszNF
ImgSL/Otros,Nike-logo.jpg,1sc_ri4I6s6G2KneJP_pJ5Pbbqy3Q-kda,https://drive.google.com/uc?export=download&id=1sc_ri4I6s6G2KneJP_pJ5Pbbqy3Q-kda
ImgSL/Otros,black_widow.png,1t9FVpBAmi09l2wNwzk1buJ6JjzwhLB3M,https://drive.google.com/uc?export=download&id=1t9FVpBAmi09l2wNwzk1buJ6JjzwhLB3M
ImgSL/Otros,agua.jpg,1txym0lizUrq8yfrGOrUw9ig7nK1GkIig,https://drive.google.com/uc?export=download&id=1txym0lizUrq8yfrGOrUw9ig7nK1GkIig
ImgSL/Otros,logo-Cartier.png,1uAA2mnhZ9KcRbfCGGEd30LCqv9tSjl99,https://drive.google.com/uc?export=download&id=1uAA2mnhZ9KcRbfCGGEd30LCqv9tSjl99
ImgSL/Otros,Cisne.jpg,1wpKtEnPxzoe3bguBTO31ql2cYJrjwnK_,https://drive.google.com/uc?export=download&id=1wpKtEnPxzoe3bguBTO31ql2cYJrjwnK_
ImgSL/Otros,Test_jpg.jpg,1yVN1uLdbpWQ1_Y142b9XGMlzcuR17y9P,https://drive.google.com/uc?export=download&id=1yVN1uLdbpWQ1_Y142b9XGMlzcuR17y9P
ImgSL/Otros,Us.jpeg,1zOLUgJ7aq0py2tSbo7Vceh40N5wqqaF6,https://drive.google.com/uc?export=download&id=1zOLUgJ7aq0py2tSbo7Vceh40N5wqqaF6
ImgSL/Otros,her.jpg,1awyizpvUttOufnNpxc9fUeXmJhaO9g8T,https://drive.google.com/uc?export=download&id=1awyizpvUttOufnNpxc9fUeXmJhaO9g8T
ImgSL/Otros,Logo-Prada.png,1dBvff2OF3x4LlNC0JUixPykzhdVKRGIl,https://drive.google.com/uc?export=download&id=1dBvff2OF3x4LlNC0JUixPykzhdVKRGIl
ImgSL/Otros,Silencio.jpg,1gKBGQ7ihei1rpImxnPNlKpieCyUJNa4v,https://drive.google.com/uc?export=download&id=1gKBGQ7ihei1rpImxnPNlKpieCyUJNa4v
ImgSL/Otros,test_rojo_png.png,1gPhSI6fFkchbWR2zG8p9fL-eg7OPJRNC,https://drive.google.com/uc?export=download&id=1gPhSI6fFkchbWR2zG8p9fL-eg7OPJRNC
ImgSL/Otros,puma.png,1ifbi9FImGxSBWkSW9Hk2tKs7FNnvgTok,https://drive.google.com/uc?export=download&id=1ifbi9FImGxSBWkSW9Hk2tKs7FNnvgTok
ImgSL/Otros,volver.jpg,1j5A0r85vnFoQQ96GVmuG3KSRQYf1Yr03,https://drive.google.com/uc?export=download&id=1j5A0r85vnFoQQ96GVmuG3KSRQYf1Yr03
ImgSL/Otros,pinocho.jpg,1kJIKqNBDeG_CRu22Cn3plFjrOnz_8mS7,https://drive.google.com/uc?export=download&id=1kJIKqNBDeG_CRu22Cn3plFjrOnz_8mS7
ImgSL/Otros,logo-Carolina-Herrer.png,1lGSuB2g4kZNBT4pMYAhC3cl7AMbGNrWn,https://drive.google.com/uc?export=download&id=1lGSuB2g4kZNBT4pMYAhC3cl7AMbGNrWn
ImgSL/Otros,Padrino.jpg,1nsUWr9lRs_NDULBrQIr6p5BwPPw2pQOu,https://drive.google.com/uc?export=download&id=1nsUWr9lRs_NDULBrQIr6p5BwPPw2pQOu
ImgSL/Otros,Naranja.jpg,1pKStUYJWccprVapB7rl8CChmye6nJtCO,https://drive.google.com/uc?export=download&id=1pKStUYJWccprVapB7rl8CChmye6nJtCO
ImgSL/Otros,aapa472508341_01.jpg,1prjvZp7Ht_h9NTCPSdqy79H8XRNTMaJT,https://drive.google.com/uc?export=download&id=1prjvZp7Ht_h9NTCPSdqy79H8XRNTMaJT
ImgSL/Otros,avatar.jpg,1FNeN1jC1M6xEsd5rcbTL34TVBVnjDr_D,https://drive.google.com/uc?export=download&id=1FNeN1jC1M6xEsd5rcbTL34TVBVnjDr_D
ImgSL/Otros,moonlight.jpg,1GIXUxlTk-Hxy17GukxmAOvehbxiR3bd2,https://drive.google.com/uc?export=download&id=1GIXUxlTk-Hxy17GukxmAOvehbxiR3bd2
ImgSL/Otros,jaws.jpg,1JqpojlkUewnDvKgDQdMYU5nV5Vw9vzkU,https://drive.google.com/uc?export=download&id=1JqpojlkUewnDvKgDQdMYU5nV5Vw9vzkU
ImgSL/Otros,readyp1.jpg,1KyNSk0NHpGQBmBEL2j9wGoegd9pTjALI,https://drive.google.com/uc?export=download&id=1KyNSk0NHpGQBmBEL2j9wGoegd9pTjALI
ImgSL/Otros,Test_png.png,1OdeJzfaULH2U-UzIrNTEI4xsW01nm94F,https://drive.google.com/uc?export=download&id=1OdeJzfaULH2U-UzIrNTEI4xsW01nm94F
ImgSL/Otros,ASICS.png,1Q2rp5dkD0oUc4yHZfXMzjpR8E4WX2oIB,https://drive.google.com/uc?export=download&id=1Q2rp5dkD0oUc4yHZfXMzjpR8E4WX2oIB
ImgSL/Otros,Joker.jpg,1QX1op3eG3A7Pb38RBSUsNh_5sM3wz21T,https://drive.google.com/uc?export=download&id=1QX1op3eG3A7Pb38RBSUsNh_5sM3wz21T
ImgSL/Otros,logo-Swarovski.png,1TLYdkDtPr7SVelXl4eBB758aYHyZ1VrT,https://drive.google.com/uc?export=download&id=1TLYdkDtPr7SVelXl4eBB758aYHyZ1VrT
ImgSL/Otros,test_pizarra.jpg.jpg,1TQMIq1MPN60nHc75RZ79ugFOGM85GpBp,https://drive.google.com/uc?export=download&id=1TQMIq1MPN60nHc75RZ79ugFOGM85GpBp
ImgSL/Otros,Loki.jpg,1ZXOfaKg0AUi9xumvEp014ebxEq9S8YAk,https://drive.google.com/uc?export=download&id=1ZXOfaKg0AUi9xumvEp014ebxEq9S8YAk
ImgSL/Otros,descarga.png,1_HUf8vrpprAG_lSwV7MoxSi7X1tU2ZNW,https://drive.google.com/uc?export=download&id=1_HUf8vrpprAG_lSwV7MoxSi7X1tU2ZNW
ImgSL/Otros,Air-Jordan-Simbolo.png,10s8qceQCoAFqQlTQkwf2KB3nnHChYwpS,https://drive.google.com/uc?export=download&id=10s8qceQCoAFqQlTQkwf2KB3nnHChYwpS
ImgSL/Otros,Club.jpg,12dHG9k4VLOr4FMnxiONmp0z3U85G3-Ml,https://drive.google.com/uc?export=download&id=12dHG9k4VLOr4FMnxiONmp0z3U85G3-Ml
ImgSL/Otros,pulp.jpg,15RmkV4Q757wHcyIHvkDpTiVqKvtlYki7,https://drive.google.com/uc?export=download&id=15RmkV4Q757wHcyIHvkDpTiVqKvtlYki7
ImgSL/Otros,logo-Dolce-and-Gabbana.png,17PHt9h-d6Ve8CoHsgls3kEfOYUJ4G4dv,https://drive.google.com/uc?export=download&id=17PHt9h-d6Ve8CoHsgls3kEfOYUJ4G4dv
ImgSL/Otros,nadie.jpg,18W_0vJsdKrwtW1qLw4ZgRhqrupF_GCfi,https://drive.google.com/uc?export=download&id=18W_0vJsdKrwtW1qLw4ZgRhqrupF_GCfi
ImgSL/Otros,pngwing.com.png,19g4j-4mQqqOdn1SrSXevntQlJO9ueQsG,https://drive.google.com/uc?export=download&id=19g4j-4mQqqOdn1SrSXevntQlJO9ueQsG
ImgSL/Otros,pngegg.png,1CQr0xP3Bi7hmtbYXqHJiaPhUgNZYsTMk,https://drive.google.com/uc?export=download&id=1CQr0xP3Bi7hmtbYXqHJiaPhUgNZYsTMk
ImgSL/Otros,Adidas.png,1DklJs1PdhfWTJ8nVMsK091UnB91fORtd,https://drive.google.com/uc?export=download&id=1DklJs1PdhfWTJ8nVMsK091UnB91fORtd
